City,Lat,Lng,Max Temp,Humidity,Cloudiness,Wind Speed,Country,Date
escanaba,45.7455707,-87.0647434,1.09,93,20,2.57,US,1647611651
dryden,42.4909053,-76.2971553,16.05,76,0,1.54,US,1647611652
rikitea,-23.1229544,-134.9680141,26.55,80,13,5.1,PF,1647611653
yeppoon,-23.1348035,150.7436625,24.01,75,97,7.61,AU,1647611654
georgetown,6.8137426,-58.1624465,28.16,82,64,4.43,GY,1647611654
punta arenas,-53.1625688,-70.907822,6.16,65,0,3.09,CL,1647611655
pevek,69.7028171,170.2746851,-27.45,92,14,4.15,RU,1647611656
lompoc,34.6391501,-120.4579409,10.29,97,100,3.09,US,1647611657
mount gambier,-37.8246698,140.7820067624113,11.11,87,0,3.6,AU,1647611657
muros,40.678061,8.617315,12.25,65,100,6.15,IT,1647611658
bethel,60.7922222,-161.7558333,-10.99,85,100,2.06,US,1647611659
khandbari,27.3666794,87.20679989776897,22.37,41,25,0.85,NP,1647611660
mys shmidta,68.8928813,-179.4130958,-26.49,77,0,3.61,RU,1647611660
grindavik,63.844239,-22.4317498,0.18,93,100,7.72,IS,1647611661
albany,42.6511674,-73.754968,14.31,96,100,3.09,US,1647611662
puerto ayora,-0.7471674,-90.3134198,27.33,74,0,1.84,EC,1647611663
buzmeyin,38.0547912,58.1496045,5.71,62,100,4.13,TM,1647611663
illoqqortoormiut,70.4850588,-21.9641992,-7.83,81,100,2.63,GL,1647611664
comodoro rivadavia,-45.8632024,-67.4752615,12.25,37,0,4.63,AR,1647611665
hoquiam,46.980929,-123.889335,7.78,95,100,1.47,US,1647611666
camacupa,-12.0203585,17.4763605,24.02,61,71,1.78,AO,1647611667
qaanaaq,77.4686357,-69.2222746,-23.23,89,100,2.75,GL,1647611667
lorengau,-2.0329567,147.2789185,28.06,71,13,4.53,PG,1647611668
bairiki,1.3296193,172.9777542,27.01,83,40,6.17,KI,1647611669
bredasdorp,-34.533055,20.042778,25.56,53,3,6.24,ZA,1647611670
mataura,-46.192734,168.8642685,12.49,95,100,1.77,NZ,1647611671
atuona,-9.77932315,-139.06194910808324,20.57,70,0,8.14,PF,1647611672
noyabrsk,63.2002917,75.4475807,-4.53,94,100,6.15,RU,1647611673
cururupu,-1.824255,-44.872996,28.98,72,100,1.96,BR,1647611673
svetlyy,64.04203,42.697319,1.26,95,6,2.83,RU,1647611674
jaguaribe,-5.8854585,-38.6212957,31.9,49,92,2.3,BR,1647611676
ushuaia,-54.806115899999995,-68.3184972880496,2.83,75,75,9.26,AR,1647611677
bajil,67.2090363,23.3647298,5.94,61,20,4.12,SE,1647611678
hermanus,-34.4175,19.2361111,30.47,64,7,8.02,ZA,1647611678
yellowknife,62.4540807,-114.377385,-12.25,95,40,2.57,CA,1647611679
dikson,73.5083894,80.5123816,-11.64,100,54,4.34,RU,1647611680
saskylakh,71.9649533,114.0939433,-14.74,94,100,5.79,RU,1647611681
grand river south east,-20.2907247,57.7851931,29.16,94,75,2.57,MU,1647611682
sao joao da barra,-21.6348588,-41.0487079,30.06,73,0,5.36,BR,1647611683
mehamn,71.0349713,27.8517178,2.86,81,98,9.65,NO,1647611683
santa cruz,28.469648,-16.2540884,21.52,73,75,3.09,ES,1647611684
jhabua,22.7696741,74.591217,33.26,12,7,3.51,IN,1647611685
bluff,-46.6014038,168.3398682,12.74,85,100,3.64,NZ,1647611686
bac lieu,9.2824882,105.7260685,27.63,77,99,3.41,VN,1647611565
tura,47.3900474,0.6889268,13.86,54,0,9.26,FR,1647611687
mountain home,43.1329504,-115.691197,-1.29,100,0,1.54,US,1647611688
busselton,-33.644499,115.3488754,20.98,83,100,3.81,AU,1647611689
adre,13.4664563,22.1977187,31.25,7,99,0.75,TD,1647611689
caravelas,-17.7296514,-39.2660082,29.38,61,36,3.02,BR,1647611690
sao felix do xingu,-6.6386974,-51.9787582,26.39,83,99,0.53,BR,1647611691
nagua,19.374794,-69.8530503,23.97,83,20,0.0,DO,1647611692
airai,-8.92655,125.40922,16.17,94,100,0.79,TL,1647611693
tasiilaq,65.6152573,-37.6378149,-7.29,81,77,2.99,GL,1647611693
arraial do cabo,-22.9662839,-42.024427,29.99,62,0,7.2,BR,1647611694
hobart,-42.8825088,147.3281233,11.68,81,46,0.51,AU,1647611695
butaritari,2.9205375,172.91886331442205,26.82,82,16,8.11,KI,1647611696
berlevag,70.79904505,29.150528646532546,0.67,75,40,12.86,NO,1647611697
jamestown,37.2104434,-76.7738928,15.7,96,100,0.0,US,1647611698
de-kastri,51.475426,140.768982,-7.59,97,100,2.3,RU,1647611698
tuktoyaktuk,69.4465095,-133.0340333538775,-28.0,83,20,1.54,CA,1647611699
saint-philippe,45.3584499,-73.4790045,7.29,91,0,3.6,CA,1647611700
avarua,-21.2074736,-159.7708145,22.99,100,84,1.03,CK,1647611701
thinadhoo,0.5326429,72.99714160821568,29.17,67,100,6.07,MV,1647611701
nanortalik,60.1400246,-45.2428523,-6.96,56,12,3.27,GL,1647611702
hilo,19.7073734,-155.0815803,21.77,98,97,0.45,US,1647611703
tsihombe,-25.318547,45.484057,23.57,85,99,6.07,MG,1647611704
bambous virieux,-20.347199500000002,57.76474767388835,29.18,94,75,2.57,MU,1647611705
kirakira,-10.4568963,161.9201736,26.65,83,100,1.52,SB,1647611706
lebu,-37.6099644,-73.6559477,13.01,55,1,6.61,CL,1647611707
skjervoy,70.17099735,20.69898970978413,1.38,74,100,19.31,NO,1647611707
kapaa,22.0747334,-159.3191601,21.99,78,80,6.08,US,1647611708
emba,48.829453,58.147369,-14.9,89,62,3.36,KZ,1647611709
san patricio,27.9695325,-97.7731720386266,17.06,52,3,8.23,US,1647611710
san quintin,30.5613719,-115.9381624,14.65,79,100,2.67,MX,1647611711
carnarvon,-24.8826131,113.6576486,26.99,74,44,7.2,AU,1647611711
strathpeffer,57.5880136,-4.5381918,11.17,63,100,3.73,GB,1647611712
cape town,-33.928992,18.417396,23.36,62,0,9.77,ZA,1647611713
vardo,70.3308174,30.961751972265887,1.38,80,40,15.95,NO,1647611714
ngunguru,-35.6333633,174.5007751,17.22,88,92,3.04,NZ,1647611714
upernavik,72.7847392,-56.1469625,-26.87,74,30,1.91,GL,1647611715
chuy,-33.6937948,-53.4561114,21.94,83,66,7.57,BR,1647611716
los llanos de aridane,28.6592569,-17.9152016,18.86,74,40,3.13,ES,1647611717
ribeira grande,37.8225227,-25.5194914,17.85,83,20,10.29,PT,1647611717
ilulissat,69.2197127,-51.0986385,-17.27,84,100,0.84,GL,1647611718
castro,45.802987,10.06706,14.31,93,100,0.44,IT,1647611719
totskoye,52.530071,52.748413,-7.0,93,78,1.69,RU,1647611720
cidreira,-30.1657063,-50.218331,28.75,58,82,0.92,BR,1647611721
waw,17.4771259,96.6756871,29.18,51,15,3.42,MM,1647611721
port alfred,-33.5981844,26.8914772,25.55,64,0,5.91,ZA,1647611722
kodiak,57.79,-152.4072222,-2.27,69,100,7.2,US,1647611723
lincoln,40.8088861,-96.7077751,3.93,94,100,1.79,US,1647611724
mahebourg,-20.4111041,57.7060616,29.08,94,75,2.57,MU,1647611725
okha,53.5891082,142.9497542,-8.39,99,100,1.4,RU,1647611726
korla,41.7238743,86.173541,12.5,37,25,8.82,CN,1647611726
port elizabeth,-33.9617051,25.6207519,26.06,57,0,3.6,ZA,1647611727
kahului,20.8894101,-156.4727118,23.77,84,74,5.36,US,1647611728
dunedin,-45.8740984,170.5035755,12.11,77,100,1.34,NZ,1647611729
ahipara,-35.1664105,173.1562074,16.58,91,90,1.53,NZ,1647611730
dharchula,29.8491135,80.5414711,22.73,42,87,2.81,IN,1647611731
sao sebastiao,-23.8027866,-45.4070527,32.25,55,4,1.13,BR,1647611731
daulatpur,26.5022761,67.9742897,35.22,12,0,5.95,PK,1647611732
sioux lookout,50.11345465,-92.19624322619077,-6.86,90,100,1.6,CA,1647611733
chirongui,-12.9356731,45.1495113,29.89,70,88,2.24,YT,1647611734
prescott,34.5399962,-112.4687616,3.38,37,3,0.4,US,1647611734
port-gentil,-0.7149116,8.7797434,27.99,89,100,5.14,GA,1647611735
spasskoye,55.212674,44.3452498,-3.01,90,85,1.33,RU,1647611736
kalabo,-14.9950389,22.6745467,27.36,53,100,0.28,ZM,1647611737
samusu,-13.9974088,-171.4288872,27.68,75,84,6.21,WS,1647611737
bayir,45.380932,17.0263316,10.72,38,31,5.08,HR,1647611738
khatanga,71.9819205,102.4714765,-7.42,95,100,5.84,RU,1647611739
baruun-urt,46.6807672,113.2845525,-9.16,46,10,3.07,MN,1647611740
arvika,59.766667,12.65,5.92,71,3,2.68,SE,1647611741
rawson,-43.2991348,-65.1056655,15.3,29,4,6.08,AR,1647611741
tiksi,71.636604,128.868546,-17.23,80,52,9.99,RU,1647611742
olafsvik,64.8959304,-23.7084345,1.7,60,100,10.61,IS,1647611743
provideniya,64.4238198,-173.2275013,-23.41,92,8,3.08,RU,1647611744
kavieng,-2.573474,150.795224,28.31,69,88,6.48,PG,1647611745
nome,64.5011111,-165.4063889,-26.07,91,43,3.06,US,1647611746
mar del plata,-37.9977225,-57.5482703,17.8,74,75,8.94,AR,1647611746
suhut,38.5342526,30.5456106,-2.03,45,100,8.02,TR,1647611747
sao filipe,14.8952963,-24.4969361,21.95,68,17,3.36,CV,1647611748
sri aman,1.2376156,111.462148,25.05,94,100,0.0,MY,1647611749
sabha,27.0364864,14.4290398,32.51,7,50,5.03,LY,1647611750
antofagasta,-23.6463741,-70.3980033,22.96,64,41,3.58,CL,1647611751
puerto santander,8.3546568,-72.4145867,25.69,68,45,1.68,CO,1647611752
komsomolskiy,43.98266,46.6950001,2.61,55,100,6.25,RU,1647611753
byron bay,-28.6483333,153.6177778,22.94,70,99,4.02,AU,1647611754
fairbanks,64.837845,-147.716675,-11.21,76,100,1.54,US,1647611754
sale,44.980656,8.809348,16.07,52,100,7.16,IT,1647611755
luderitz,-26.6500086,15.157266,21.8,64,7,2.92,NA,1647611756
san lorenzo,42.3832108,9.287966,13.37,84,100,1.76,FR,1647611757
talavera de la reina,39.9603798,-4.8311717,15.87,50,65,5.26,ES,1647611757
vaini,-21.1925671,-175.1772797,24.16,94,100,4.63,TO,1647611758
straumen,67.3484992,15.5969172,5.96,60,82,9.48,NO,1647611759
phan thiet,10.931025,108.1014632,25.14,90,24,2.53,VN,1647611760
mackay,-21.141956,149.1865149,25.97,78,75,6.69,AU,1647611760
victoria,48.4283182,-123.3649533,7.13,96,100,2.06,CA,1647611761
kupang,-10.1632209,123.6017755,25.0,88,100,2.62,ID,1647611762
barrow,71.2905556,-156.788611,-24.89,97,100,3.7,US,1647611763
oriximina,-1.7669992,-55.868285,25.48,92,98,1.66,BR,1647611764
karachi,24.8546842,67.0207055,28.09,61,1,6.17,PK,1647611765
amderma,69.7522076,61.662267280204404,-5.79,93,98,9.1,RU,1647611765
hithadhoo,1.7959425,73.38755195657038,28.84,71,12,6.09,MV,1647611766
aasiaat,68.709588,-52.8512976,-18.85,80,100,4.79,GL,1647611767
maniitsoq,65.4175454,-52.8967885,-15.15,89,100,6.03,GL,1647611768
barentsburg,78.065362,14.2172367,-6.22,84,95,4.34,SJ,1647611768
mago,-15.8081414,31.7499791,23.26,85,100,4.4,MZ,1647611769
nara,34.6845445,135.8048359,11.06,96,100,2.09,JP,1647611770
new norfolk,-42.7801998,147.0615332,11.64,65,51,0.75,AU,1647611771
kharovsk,59.9533237,40.2068249,0.91,95,90,1.54,RU,1647611771
chengde,40.957718,117.9543248,-3.31,97,100,1.03,CN,1647611772
khani,56.914032,119.954155,-25.21,93,41,2.65,RU,1647611773
cumaribo,4.4471495,-69.7975845,29.94,52,92,5.53,CO,1647611774
moron,18.5602014,-74.2581337,27.49,61,0,1.01,HT,1647611774
bezhetsk,57.781357,36.692535,0.08,91,11,1.53,RU,1647611775
cayenne,4.9371143,-52.3258307,27.26,1,75,4.63,GF,1647611776
hangu,47.065747,26.0405889,3.29,44,92,3.75,RO,1647611777
ussel,45.545591,2.3119397,10.1,71,97,3.99,FR,1647611778
pumiao,22.7519328,108.4907358,24.21,69,0,2.74,CN,1647611778
porbandar,21.6409,69.611,27.79,51,1,5.91,IN,1647611779
broome,-17.9566909,122.2240181,28.94,70,69,2.06,AU,1647611780
marawi,8.0047262,124.2854351,20.95,95,76,0.47,PH,1647611782
jacobina,-11.1851561,-40.5112434,28.39,54,74,3.81,BR,1647611783
port blair,11.6645348,92.7390448,28.68,74,75,5.14,IN,1647611784
kamenka,53.1850012,44.0529066,-2.64,83,100,2.37,RU,1647611784
ouadda,8.0715808,22.3962224,37.54,7,59,2.02,CF,1647611785
faanui,-16.48243875,-151.73383197031578,26.63,68,0,3.45,PF,1647611786
bubaque,11.29969595,-15.833543367212418,25.87,51,3,4.75,GW,1647611787
sao bras de alportel,37.1529622,-7.8879138,15.38,67,0,5.14,PT,1647611788
itarema,-2.9224684,-39.9152184,28.59,71,71,5.2,BR,1647611788
cabinda,-5.5576435,12.1919468,28.37,74,78,6.59,AO,1647611789
la romana,38.3678386,-0.8961147,14.68,70,94,5.57,ES,1647611790
claveria,18.6051605,121.080641,25.47,87,54,1.93,PH,1647611791
samsun,41.2946149,36.3320596,-0.01,88,100,3.66,TR,1647611791
guatemalita,14.1170344,-88.5996065,21.72,65,0,0.42,HN,1647611793
macomer,40.2651904,8.7813868,12.51,68,100,7.11,IT,1647611793
punta cardon,11.6175102,-70.2116906,26.68,70,87,10.83,VE,1647611794
torbay,47.6576953,-52.726986,7.28,92,100,13.89,CA,1647611795
sirsi,21.2170679,79.6511481,32.14,18,1,2.83,IN,1647611796
mahuva,21.0914409,71.7621979,27.38,57,5,4.45,IN,1647611780
hambantota,6.1249126,81.1242563,25.18,100,40,0.0,LK,1647611798
talnakh,69.4939889,88.3907607,-5.79,95,100,3.26,RU,1647611799
soyo,-6.1333775,12.3717566,29.56,67,80,6.2,AO,1647611799
san jeronimo,6.4427228,-75.727937,27.97,74,90,0.7,CO,1647611800
sitka,57.0524973,-135.337612,3.45,92,100,4.3,US,1647611801
portland,45.5202471,-122.6741949,9.94,94,100,2.06,US,1647611802
lavrentiya,65.5837793,-171.0058116,-25.88,91,33,3.98,RU,1647611803
erzin,36.9433741,36.16748477873442,10.83,55,31,3.15,TR,1647611803
nantucket,41.315731400000004,-70.00901408779944,11.02,94,100,4.47,US,1647611804
aitape,-3.1510222,142.3594389,26.28,87,10,2.39,PG,1647611805
dingle,52.1408381,-10.2688831,12.38,69,16,7.86,IE,1647611806
ostrovnoy,68.0544447,39.5129384,0.88,75,89,13.17,RU,1647611806
tautira,-27.145219,-109.430579,17.42,94,20,2.06,CL,1647611807
aden,12.789585,45.028504,26.59,61,11,3.93,YE,1647611808
nguiu,-11.7625858,130.6321091,25.74,85,92,2.07,AU,1647611809
palmer,61.5995703,-149.1110902,-2.05,86,100,0.89,US,1647611809
pietrosani,45.1769532,24.8475495,4.54,40,71,0.62,RO,1647611810
yaitepec,16.225556,-97.269167,16.29,45,5,0.73,MX,1647611811
sistranda,63.7306194,8.8301587,6.94,74,73,14.81,NO,1647611812
beloha,-25.173872,45.061465,23.18,82,98,6.22,MG,1647611813
huazolotitlan,16.301389,-97.9125,23.58,45,5,0.84,MX,1647611813
domalandan,16.0089304,120.2042402,26.58,83,30,4.41,PH,1647611814
ambon,47.5542438,-2.5566945,15.78,53,0,9.75,FR,1647611815
kushiro,42.9849503,144.3820491,-0.32,89,100,2.31,JP,1647611816
hasanabad,33.3729375,48.5994132,10.29,23,0,4.53,IR,1647611816
wuwei,37.928881,102.6359886,6.96,73,100,3.84,CN,1647611817
port lincoln,-34.7284175,135.8563199414681,17.28,85,0,6.01,AU,1647611818
veraval,20.9101099,70.365279,26.92,60,2,7.21,IN,1647611819
bara,48.4255768,21.7170417,9.94,35,0,0.89,HU,1647611820
saltillo,25.4230425,-100.9927509,12.56,50,0,0.0,MX,1647611820
imbituba,-28.241827,-48.6643444,29.39,62,7,1.5,BR,1647611821
rochegda,62.667229,43.414845,0.62,99,69,1.51,RU,1647611822
thessalon,46.2638311,-83.5483478,1.08,89,100,3.1,CA,1647611823
tibati,6.4658033,12.6253203,36.4,9,73,3.39,CM,1647611824
husavik,66.0433168,-17.3410402,0.79,62,86,5.42,IS,1647611825
praia da vitoria,38.739237599999996,-27.156264396780458,13.4,82,20,10.8,PT,1647611825
east london,-33.0191604,27.8998573,26.64,69,0,6.69,ZA,1647611826
alice springs,-23.6983884,133.8812885,24.75,41,96,0.0,AU,1647611827
vanimo,-2.6847646,141.3009131,26.58,88,37,2.45,PG,1647611828
lagunas,16.8037482,-95.0709133,24.42,76,71,5.01,MX,1647611829
merauke,-8.4902766,140.395582,27.63,78,17,2.56,ID,1647611830
chokurdakh,70.6193824,147.902397,-30.98,100,59,2.63,RU,1647611831
rosetta,31.404444,30.416389,15.32,62,0,6.99,EG,1647611831
san vicente,6.2826869,-75.3317647,18.81,94,75,2.06,CO,1647611832
pangnirtung,66.1480197,-65.7172826,-28.86,76,20,2.57,CA,1647611833
buckeye,33.3703197,-112.5837766,14.36,28,0,2.57,US,1647611834
yulara,-25.2410108,130.9869405,30.91,25,66,4.12,AU,1647611835
saldanha,-32.9977778,17.9455556,30.15,73,34,9.04,ZA,1647611835
vila velha,-20.3297037,-40.2920174,31.97,63,40,4.63,BR,1647611836
tirano,41.3305141,19.825562857582966,15.47,33,75,3.6,AL,1647611837
lagoa,37.13258125,-8.45505094811731,16.71,74,23,5.92,PT,1647611838
gigmoto,13.7786693,124.3911728,26.61,88,56,1.99,PH,1647611838
briceno,5.6908712,-73.9234546,22.6,77,94,0.96,CO,1647611839
manat,16.0143848,120.2823824,26.78,82,22,5.24,PH,1647611840
vaitupu,-7.4769458,178.6807836433052,28.49,71,74,9.2,TV,1647611841
wewak,-3.5542197,143.6270904,27.83,78,47,3.76,PG,1647611841
bengkulu,-3.7922858,102.2623797,25.05,90,100,4.46,ID,1647611842
naze,5.4519997,7.0566745,39.36,25,47,1.04,NG,1647611843
chegutu,-18.130479,30.146014,18.86,77,100,4.02,ZW,1647611844
raudeberg,61.9874897,5.135184,6.59,75,100,12.85,NO,1647611845
san andres,4.90199215,-75.70131910681533,21.42,94,75,2.06,CO,1647611846
leopold,-38.1891547,144.4644962,17.33,78,100,3.6,AU,1647611846
sabzevar,36.2134053,57.6808799,12.6,33,20,4.12,IR,1647611847
bandrele,-12.9123008,45.1938968,29.99,74,75,4.63,YT,1647611848
atar,20.5181943,-13.0543928,28.85,17,5,2.9,MR,1647611849
huarmey,-10.0687481,-78.152199,22.88,76,13,3.65,PE,1647611849
te anau,-45.41449,167.717489,11.83,83,100,1.3,NZ,1647611850
codrington,17.640463,-61.8255199,25.08,73,0,9.47,AG,1647611851
santa maria,-29.6860512,-53.8069214,28.58,65,0,1.54,BR,1647611852
saint-pierre,48.3832725,7.4718731,13.73,51,93,7.15,FR,1647611853
rotava,50.3058704,12.5610769,11.07,79,78,3.96,CZ,1647611854
nikolskoye,59.7034799,30.7861084,5.94,69,0,2.86,RU,1647611855
lewistown,47.0639275,-109.428213,5.7,49,100,0.89,US,1647611855
smolenka,54.276638,56.049526,-5.45,95,91,2.79,RU,1647611856
ulagan,50.6317434,87.9561929,-8.43,97,100,0.31,RU,1647611857
mayo,63.5926909,-135.8961421,-9.0,92,100,1.03,CA,1647611858
dundalk,54.0046033,-6.4008879,10.06,85,33,4.47,IE,1647611858
souillac,44.8980172,1.46943,18.95,61,95,1.25,FR,1647611859
jiexiu,37.0310036,111.9154182,7.81,48,60,2.76,CN,1647611860
alenquer,39.056633,-9.0076057,21.71,52,0,4.12,PT,1647611861
charters towers,-20.2089615,145.97411116537643,22.41,73,60,4.7,AU,1647611862
stepnyak,52.8312787,70.7869386,-21.37,100,6,2.01,KZ,1647611863
fortuna,40.597407,-124.156034,2.6,100,0,3.6,US,1647611864
shetpe,44.140236,52.160126,2.47,45,16,5.29,KZ,1647611864
hamilton,43.2560802,-79.8728583,10.64,80,75,2.57,CA,1647611865
cabo san lucas,22.8938884,-109.9200604,19.06,58,0,0.0,MX,1647611866
holme,52.48849835,-0.20447100155377979,16.97,62,4,3.28,GB,1647611875
qaqortoq,60.718202,-46.0385214,-10.4,55,18,4.47,GL,1647611876
maiduguri,11.8395375,13.1536214,34.84,8,100,5.23,NG,1647611877
gurupi,-11.72794,-49.068046,28.38,72,27,1.97,BR,1647611878
gat,45.7023377,18.3246957,10.12,40,25,5.38,HR,1647611879
hasaki,35.7529706,140.8201321,5.22,96,100,9.4,JP,1647611879
baykit,61.6808261,96.3830221,-12.13,97,100,1.97,RU,1647611880
langreo,43.2955423,-5.6839733,12.27,72,39,2.45,ES,1647611881
kalmunai,7.4131557,81.8269327,26.81,77,91,3.68,LK,1647611882
cockburn town,21.4607723,-71.1399956,26.98,65,40,7.2,TC,1647611883
vestmannaeyjar,63.42704985,-20.269317184750797,1.95,80,40,4.63,IS,1647611883
ponta do sol,32.681067,-17.104073,18.75,69,64,0.65,PT,1647611884
maceio,-9.6476843,-35.7339264,30.45,54,75,6.17,BR,1647611885
port hedland,-20.3111814,118.5801181,30.02,70,49,2.06,AU,1647611886
litovko,49.2392982,135.1775848,-20.48,100,63,1.24,RU,1647611886
lucapa,-8.4195244,20.7410918,23.61,81,82,1.76,AO,1647611757
borogontsy,62.670792,131.166061,-19.23,97,100,1.01,RU,1647611888
bundaberg,-24.8653253,152.3516785,21.17,93,91,3.09,AU,1647611889
nyurba,63.286648,118.354149,-19.68,98,100,1.67,RU,1647611890
winnemucca,40.9724275,-117.7348184,4.36,48,10,2.1,US,1647611890
coahuayana,18.6220145,-100.3484789,21.72,34,1,0.73,MX,1647611891
linhares,-19.3816944,-40.0612213,31.1,54,22,0.8,BR,1647611892
chesapeake,36.7183708,-76.2466798,18.36,85,75,1.54,US,1647611893
pasni,30.2921452,78.2453263,20.55,37,6,1.99,IN,1647611894
merrill,42.7197133,-96.2486357,1.65,86,0,4.63,US,1647611894
andros town,24.7279213,-77.7888399,26.03,73,3,5.77,BS,1647611895
gerash,27.6701538,54.1378384,24.18,6,0,5.53,IR,1647611896
kruisfontein,-34.0119558,24.7433295,25.03,49,0,4.85,ZA,1647611897
tuatapere,-46.1323096,167.6907627,12.18,81,100,2.47,NZ,1647611897
volchansk,59.9347177,60.0779677,-3.06,93,73,1.74,RU,1647611898
nemuro,43.3301154,145.5829068,-0.64,86,100,3.76,JP,1647611899
ylivieska,64.0728903,24.5327326,2.97,98,100,3.71,FI,1647611900
pascagoula,30.3646795,-88.5585995,23.09,100,100,4.63,US,1647611900
touros,-5.1998625,-35.4595051,29.36,67,100,6.4,BR,1647611901
henties bay,-22.1130313,14.2881683522115,20.92,71,6,4.61,NA,1647611902
guerrero negro,27.9709506,-114.036389,14.68,72,0,2.98,MX,1647611903
inverell,-29.43679805,151.17706931836153,16.45,87,4,4.17,AU,1647611903
qasigiannguit,68.8193787,-51.19335,-19.25,86,100,1.4,GL,1647611904
rio gallegos,-51.64607595,-69.26322885452636,5.04,81,75,5.66,AR,1647611905
gairo,39.847052,9.507244,8.69,93,100,6.08,IT,1647611906
nizhneyansk,71.440445,136.130646,-28.33,84,1,4.27,RU,1647611906
point pedro,9.8241007,80.2361837,27.75,75,70,2.19,LK,1647611907
ucluelet,48.9426817,-125.5460498,7.16,92,100,3.82,CA,1647611908
pervomayskiy,54.8657385,61.175015,-8.45,93,100,1.88,RU,1647611909
liaoyang,41.273887,123.1693463,-2.81,68,100,5.73,CN,1647611910
giyani,-23.315278,30.725556,25.48,47,100,4.27,ZA,1647611910
ferkessedougou,9.5939778,-5.1975952,37.85,26,22,2.31,CI,1647611911
nurota,40.5590414,65.6860362,3.46,56,84,5.2,UZ,1647611912
sibolga,1.736957,98.78461,24.51,91,100,1.87,ID,1647611913
narasannapeta,18.4132716,84.00739666605773,24.59,77,5,2.31,IN,1647611913
bargal,11.286823,51.07795,28.42,48,5,6.17,SO,1647611914
tselinnoye,45.9040969,34.1787601,0.67,49,100,8.02,UA,1647611915
auki,-8.7706074,160.6992655,25.45,86,84,1.74,SB,1647611916
saint anthony,45.0283001,-93.2187368,2.0,82,97,0.45,US,1647611916
mukhen,48.194725,136.137177,-15.8,98,37,0.41,RU,1647611917
kalamb,18.5730474,76.0224924,32.68,12,1,4.15,IN,1647611918
hurup,54.7490104,9.5268239,14.17,47,16,4.63,DE,1647611919
pundaguitan,6.375915,126.1643773,28.39,78,100,5.66,PH,1647611920
saint george,12.0535331,-61.751805,27.49,65,40,10.29,GD,1647611920
coquimbo,-29.9531928,-71.3379884,18.93,68,0,2.06,CL,1647611921
orsha,54.5119008,30.4254486,-0.82,75,7,1.32,BY,1647611922
itoman,26.106017,127.686066,20.22,77,75,7.72,JP,1647611923
bayan,46.3172426,127.3588535,-11.66,94,100,1.46,CN,1647611923
jiaozhou,28.6737173,114.9297997,12.51,93,72,0.46,CN,1647611924
pochutla,15.7431834,-96.4660973,25.75,53,6,1.44,MX,1647611925
sol-iletsk,51.161289,54.996372,-12.48,91,7,1.18,RU,1647611926
fukue,34.5263537,133.8031965,11.46,72,100,3.54,JP,1647611926
longyearbyen,78.2231558,15.6463656,-5.85,79,0,4.12,SJ,1647611927
fort nelson,58.8062066,-122.6942704,-7.2,79,20,0.0,CA,1647611928
bulgan,46.0940671,91.5525913,-2.29,85,100,2.19,MN,1647611929
balimo,-8.0373346,142.9589778,24.24,98,38,1.11,PG,1647611929
parkersburg,39.2699565,-81.5506916,14.12,99,100,2.09,US,1647611930
duki,51.9907291,20.8113563,10.1,28,0,3.79,PL,1647611931
shingu,33.7241003,135.9930029,12.77,90,60,1.38,JP,1647611932
salinas,36.6744117,-121.6550372,10.04,92,40,2.06,US,1647611932
belle fourche,44.670905,-103.851407,5.06,41,0,2.13,US,1647611933
atbasar,51.8099624,68.3584729,-18.54,97,22,2.79,KZ,1647611934
la curva,39.6634927,-4.2126962,14.45,54,100,5.59,ES,1647611935
lata,-10.7241726,165.7977641,26.67,82,77,2.32,SB,1647611936
geraldton,-28.77035,114.6147159,23.09,78,100,9.77,AU,1647611936
beian,48.2401404,126.5081882,-18.51,96,19,2.28,CN,1647611937
rocha,46.6705431,-1.4269698,14.12,47,0,8.23,FR,1647611938
marcona,-15.2155331,-75.08303444567473,20.23,67,23,3.67,PE,1647611939
belaya gora,68.53701,146.187286,-30.65,100,47,0.66,RU,1647611940
asilah,35.461928,-6.036545,18.94,59,2,1.77,MA,1647611940
bilma,18.69293,12.91872,31.88,3,5,6.04,NE,1647611941
yegorlykskaya,46.5630814,40.6495045,-1.95,44,100,5.75,RU,1647611942
la libertad,17.6888861,-91.7202001,24.3,83,5,5.98,MX,1647611943
half moon bay,37.4635519,-122.428586,9.9,88,0,0.0,US,1647611944
sur,33.2721211,35.1964023,13.69,62,10,2.0,LB,1647611944
narsaq,60.9127453,-46.0452698,-11.22,56,18,4.59,GL,1647611945
waycross,31.2135511,-82.3540178,14.03,100,100,0.0,US,1647611946
dargaville,-35.9412143,173.8685702,16.21,91,87,1.72,NZ,1647611947
angoram,-4.0562906,144.0729039,23.38,99,77,0.67,PG,1647611948
avera,43.3896226,-0.1768284,9.12,81,100,1.54,FR,1647611949
stokmarknes,68.5670003,14.9133484,4.99,56,40,10.29,NO,1647611950
nuuk,64.175029,-51.7355386,-12.24,78,100,4.92,GL,1647611951
yirol,6.5566444,30.5021651,38.69,11,9,1.78,SS,1647611951
tam ky,15.5673735,108.4842128,24.21,88,100,1.32,VN,1647611952
san cristobal,7.7756663,-72.2214154,19.93,60,79,2.1,VE,1647611953
imeni poliny osipenko,52.422848,136.48938,-12.0,96,100,1.85,RU,1647611954
dinghai,30.0215992,122.1025956,10.2,87,78,1.24,CN,1647611955
pimampiro,0.393298,-77.9402742,18.68,66,100,1.62,EC,1647611956
matamoros,25.8520977,-97.5017951,22.18,87,100,4.12,MX,1647611956
chabahar,25.2935488,60.6469115,26.01,66,0,10.08,IR,1647611957
ancud,-41.8682162,-73.8287225,10.89,60,1,2.95,CL,1647611958
mareeba,-17.129513000000003,143.92421903082817,24.71,73,100,2.36,AU,1647611959
tres arroyos,-38.3770014,-60.2755685,16.42,36,100,6.27,AR,1647611959
skrunda,56.6768396,22.0156057,7.47,45,0,4.56,LV,1647611960
muli,2.9221163,73.5814986,28.5,74,99,5.99,MV,1647611961
upata,8.0073377,-62.3977917,26.93,59,57,3.55,VE,1647611962
melita,49.2691138,-100.9904623,1.95,90,97,5.66,CA,1647611962
nadym,65.5336238,72.5113955,-3.67,90,100,4.35,RU,1647611964
odweyne,9.40701,45.06358,30.14,22,4,5.13,SO,1647611964
attawapiskat,52.9244075,-82.4270112,-7.6,91,71,3.43,CA,1647611965
pagudpud,18.5601717,120.788762,25.37,86,43,2.03,PH,1647611966
tessalit,20.2019542,1.0124531,33.38,10,13,2.34,ML,1647611967
gari,59.427441,62.35247,-1.42,86,98,2.46,RU,1647611967
thompson,55.743347,-97.863464,-2.9,86,75,1.54,CA,1647611968
kaeo,58.4681143,23.00591010910806,3.93,73,79,5.09,EE,1647611969
isangel,-19.5410863,169.2810885,26.07,79,100,0.77,VU,1647611970
quatre cocos,-20.2094657,57.7705601,29.01,78,9,3.0,MU,1647611970
jevnaker,60.28255445,10.408457856495165,9.43,67,10,0.8,NO,1647611971
bolshaya dzhalga,45.969521,42.696617,1.33,48,89,5.08,RU,1647611972
hornepayne,49.2181387,-84.7752864,-6.3,95,100,1.25,CA,1647611973
rancho palos verdes,33.7483311,-118.3707683,17.54,58,0,1.34,US,1647611973
sumbawa,-8.5949025,117.27160682483327,19.25,95,100,1.14,ID,1647611974
nhulunbuy,-12.1804346,136.7759913,28.08,83,100,2.06,AU,1647611975
okhotsk,59.3643921,143.2410816,-12.35,96,100,2.71,RU,1647611976
nangomba,-10.902697,38.5161362,28.03,80,88,1.27,TZ,1647611976
alexandria,31.199004,29.894378,18.91,59,40,4.63,EG,1647611977
poli,41.8873266,12.8931264,16.14,51,100,1.79,IT,1647611978
houma,29.5957696,-90.7195348,23.89,91,22,4.92,US,1647611979
frederikshavn,57.4412134,10.5336225,7.85,60,0,7.34,DK,1647611980
karamea,-41.2475885,172.1115748,11.99,86,26,2.6,NZ,1647611980
hofn,64.2532647,-15.2080441,2.01,93,100,5.66,IS,1647611981
najran,17.5439809,44.2246817,23.59,18,7,6.5,SA,1647611982
calama,-22.4623917,-68.9272181,14.22,41,0,7.72,CL,1647611983
jibuti,11.5936903,43.1472724,27.83,55,9,4.26,DJ,1647611984
san pedro de macoris,18.4617093,-69.3031847,26.35,65,0,5.77,DO,1647611985
la paz,-16.4955455,-68.1336229,10.5,81,75,2.06,BO,1647611986
severo-kurilsk,50.6683048,156.1154399,0.19,99,100,8.8,RU,1647611986
prince albert,53.201097,-105.748901,-6.03,93,100,2.06,CA,1647611987
poum,-20.2316547,164.029894,27.1,76,100,3.42,NC,1647611988
marhaura,25.9662632,84.8562955,30.96,23,45,3.04,IN,1647611989
nizwa,22.9323884,57.5311,29.45,19,0,5.02,OM,1647611990
spring hill,41.4117626,-93.6479872,3.47,98,100,3.13,US,1647611990
cachira,-13.6622886,-71.4942799,9.29,68,100,1.77,PE,1647611991
san carlos de bariloche,-41.1334421,-71.3098425,5.31,60,20,1.03,AR,1647611992
san luis,-33.3019696,-66.3369903,18.83,47,19,7.18,AR,1647611993
tlahualilo,30.5417495,-106.5973179,5.12,51,0,3.21,MX,1647611993
saint-leu,-21.1677694,55.2881932,30.04,94,17,2.82,RE,1647611994
turukhansk,65.7934285,87.9589375,-5.58,96,100,4.97,RU,1647611995
fare,45.90802,13.5165379,17.55,30,75,10.28,IT,1647611996
rolim de moura,-11.727071,-61.771411,24.57,90,100,2.3,BR,1647611996
bingol,38.8861265,40.4972333,-0.11,95,97,1.68,TR,1647611997
saleaula,-13.4518478,-172.3318889,28.22,68,96,6.11,WS,1647611998
puerto escondido,15.8693331,-97.0726428,25.89,51,2,1.93,MX,1647611999
baghdad,33.3024309,44.3787992,20.98,9,20,6.17,IQ,1647611999
ponta delgada,37.7394344,-25.6683618,18.06,63,20,10.29,PT,1647612000
mamallapuram,12.6195981,80.1936497,29.01,79,100,4.16,IN,1647612001
waipawa,-39.9411333,176.591342,7.23,94,16,0.69,NZ,1647612002
khipro,25.8273375,69.3757258,33.84,17,5,7.04,PK,1647612003
nouadhibou,20.9127045,-17.0503094,19.5,68,59,4.8,MR,1647612004
ihosy,-22.4038122,46.129972,24.48,84,100,2.7,MG,1647612005
galveston,29.299328,-94.7945882,17.06,68,45,10.62,US,1647612006
cairns,-16.9206657,145.7721854,26.15,100,100,5.66,AU,1647612007
clyde river,46.2238705,-63.2571596,7.36,60,75,2.57,CA,1647612008
brazzaville,-4.2694407,15.2712256,31.63,54,100,0.6,CG,1647612009
lhokseumawe,5.1789659,97.1480544,26.83,83,100,0.65,ID,1647612010
egvekinot,66.3227382,-179.1201311,-26.9,75,0,2.73,RU,1647612011
namibe,-15.195064,12.1458085,27.29,58,0,5.83,AO,1647612011
marzuq,14.392507,46.470115,25.69,21,9,2.42,YE,1647612012
umzimvubu,-30.82491,28.92177617804983,23.94,42,0,3.31,ZA,1647612013
bibiani,6.452944,-2.314959,38.11,30,30,1.1,GH,1647612014
parrsboro,45.4054809,-64.326059,9.12,85,100,1.29,CA,1647612015
bjornevatn,69.666422,29.9860696,2.79,75,40,12.86,NO,1647612016
vilkija,55.0397282,23.5829878,8.08,36,0,3.33,LT,1647612017
bilibino,68.0550305,166.4448515,-30.66,92,4,1.84,RU,1647612018
valley city,46.923313,-98.003155,-3.71,100,100,0.0,US,1647612019
laguna,28.4857715,-16.3159422,18.27,69,75,3.09,ES,1647612020
denpasar,-8.6524973,115.2191175,27.82,78,20,1.03,ID,1647612020
andra,62.5156287,65.8855373,-0.91,89,100,3.15,RU,1647612022
tonota,-21.437833,27.463376,19.72,66,100,5.84,BW,1647612022
tezu,27.9254195,96.1647135,25.01,32,15,2.26,IN,1647612023
mugla,37.215154,28.3637726,5.46,31,5,8.72,TR,1647612024
vermilion,39.5811463,-87.5889125,15.25,82,40,2.57,US,1647612025
pitimbu,-7.4728063,-34.811233,29.0,64,95,7.04,BR,1647612026
vao,58.93963145,25.97080937451389,4.22,69,0,3.9,EE,1647612027
huanren,41.2692381,125.3490074,-0.66,88,100,1.72,CN,1647612027
iquique,-20.2140657,-70.1524646,23.52,68,4,4.45,CL,1647612028
valreas,44.3851455,4.9906089,15.9,65,97,3.86,FR,1647612029
pindiga,9.983333,10.933333,34.61,7,100,3.77,NG,1647611994
raahe,64.6796865,24.4709175,0.96,98,100,6.99,FI,1647612031
yablonovo,51.839775,112.763557,-11.16,93,93,1.94,RU,1647612031
aklavik,68.2182579,-135.013585,-25.89,100,91,0.54,CA,1647612033
havre-saint-pierre,50.2463647,-63.6003951,-1.12,89,96,1.43,CA,1647612033
louisbourg,45.9234791,-59.9642959,9.29,94,100,3.13,CA,1647612034
bacolod,10.6762836,122.9513786,27.68,75,60,0.46,PH,1647612035
arlit,18.739079,7.393331,36.05,7,28,0.97,NE,1647612036
iqaluit,63.74944,-68.521857,-27.83,75,42,1.34,CA,1647612037
kamenskoye,53.1793307,37.7767378,-4.43,90,88,1.65,RU,1647612038
tuxpan,20.95647915,-97.40738177120747,21.78,85,0,5.08,MX,1647612039
emerald,-23.5263118,148.1618622,25.17,60,79,5.58,AU,1647612039
labuhan,-6.891973,112.9897177,26.97,84,100,2.62,ID,1647612040
matam,15.656563,-13.255916,35.52,10,1,1.74,SN,1647612041
desbiens,48.417809,-71.949463,1.0,92,100,4.69,CA,1647612042
klaksvik,62.2266084,-6.5852705,8.58,90,100,17.81,FO,1647612043
katsuura,35.1521846,140.3207449,5.82,96,100,2.47,JP,1647612045
leningradskiy,54.129108,79.236702,-15.17,100,91,2.19,RU,1647612046
bandarbeyla,9.4952646,50.8127815,26.72,66,4,7.38,SO,1647612047
casay,10.4410113,121.9933332,26.8,79,59,2.56,PH,1647612048
dianopolis,-11.624008,-46.819787,27.64,60,17,2.73,BR,1647612048
obala,4.1657131,11.5346644,38.04,22,29,1.12,CM,1647612049
mount pleasant,33.1570582,-94.9694007,9.91,71,100,10.29,US,1647612051
dossor,47.522774,52.979435,-3.5,54,8,5.07,KZ,1647612052
hare bay,48.8564255,-54.0068259,3.59,93,100,4.13,CA,1647612052
bhalki,18.0441941,77.2069335,33.01,13,7,3.71,IN,1647612053
malaryta,51.791718,24.083765,5.21,28,0,2.28,BY,1647612054
onega,63.911644,38.094822,1.09,93,24,3.15,RU,1647612055
nicolas bravo,29.3512611,-107.9339427,3.36,28,4,1.1,MX,1647612056
tashla,53.707859,49.754879,-3.07,89,100,1.45,RU,1647612057
kathu,7.9093905,98.3336498,29.77,90,39,2.51,TH,1647612057
norman wells,65.282401,-126.832725,-22.77,99,94,1.37,CA,1647612058
liverpool,53.4071991,-2.99168,15.97,65,20,6.17,GB,1647612059
colares,-0.936423,-48.280254,26.67,84,100,1.08,BR,1647612060
samalaeulu,-13.5010083,-172.299895,28.0,68,98,5.78,WS,1647612061
kimbe,-5.5562921,150.1529513,26.49,86,70,0.99,PG,1647612062
uvalde,29.2096836,-99.7861679,11.68,35,0,5.66,US,1647612062
margate,51.3878174,1.3819699,14.56,81,7,5.03,GB,1647612063
esperance,-33.858228,121.8931606,25.53,46,100,9.17,AU,1647612064
kawalu,-1.9593,123.8495,29.29,74,100,5.9,ID,1647612065
pontes e lacerda,-15.2315171,-59.3349512,24.54,83,100,1.53,BR,1647612065
kavaratti,10.5672203,72.6394636,28.47,70,24,4.25,IN,1647612066
ewa beach,21.315603,-158.008804,23.88,71,98,6.71,US,1647612067
chenghai,23.4694075,116.7515585,21.0,76,100,4.38,CN,1647612068
shimoda,34.679545,138.945379,7.77,92,100,6.77,JP,1647612069
ixtapa,16.8032586,-92.9053697,18.78,56,3,2.0,MX,1647612069
aflu,34.11252,2.10029,9.06,56,100,3.47,DZ,1647612070
nizhneudinsk,54.9084881,99.0302862,-9.17,97,100,0.72,RU,1647612071
tshikapa,-6.4230495,20.7887691,26.84,63,100,1.73,CD,1647612072
scarborough,54.2820009,-0.4011868,12.61,71,0,3.13,GB,1647612073
quezon,14.0079425,122.1824925,25.58,79,29,1.62,PH,1647612073
senador pompeu,-5.5874386,-39.3730901,32.44,47,100,2.87,BR,1647612074
goderich,43.7430924,-81.7110949,1.95,90,79,3.23,CA,1647612075
port moresby,-9.4743301,147.1599504,26.54,83,79,1.31,PG,1647612076
sorvag,67.8890439,13.0166629,6.04,67,23,13.97,NO,1647612077
babanusah,11.3305456,27.8095803,35.2,6,6,4.06,SD,1647612077
bodden town,19.2843717,-81.2604411,28.89,75,5,2.68,KY,1647612078
miles city,46.4085273,-105.840981,2.78,47,100,3.37,US,1647612079
oneonta,33.9471315,-86.4714926,12.64,98,100,1.19,US,1647612080
yankton,42.8712938,-97.3967011,0.06,80,100,3.96,US,1647612081
vila franca do campo,37.7171624,-25.4335352,17.89,64,2,9.14,PT,1647612081
heishan,24.74361,112.15591,18.41,86,1,0.22,CN,1647612082
port augusta,-32.4908819,137.7639874,24.32,59,0,3.41,AU,1647612083
saint-francois,16.2532002,-61.2750706,26.98,71,46,8.63,GP,1647612084
siocon,7.7064072,122.1359108,26.5,87,98,1.28,PH,1647612084
cortez,37.3494528,-108.584073,-0.73,33,100,1.15,US,1647612085
sobolevo,55.5204405,38.7062515,3.97,79,100,1.59,RU,1647612086
acapulco,16.8680495,-99.8940182,24.4,58,88,1.06,MX,1647612087
mvuma,-19.281896,30.531038,17.39,73,100,5.64,ZW,1647612088
riviere-au-renard,48.9925605,-64.3857978,0.63,99,100,1.34,CA,1647612089
mrirt,33.163826,-5.565428,16.34,41,14,2.07,MA,1647612089
la ronge,55.1005283,-105.2900485,-3.97,95,100,1.93,CA,1647612090
honiara,-9.4310769,159.9552552,26.13,83,63,0.25,SB,1647612091
si sa ket,15.116794,104.332348,26.11,100,100,1.94,TH,1647612092
tono,39.3306091,141.5314591,0.42,98,100,2.52,JP,1647612093
harqalah,35.9563347,38.9462059,11.51,52,90,0.78,SY,1647612093
umm ruwabah,12.905825,31.2147916,34.17,8,50,3.99,SD,1647612094
nicoya,10.1436919,-85.4526134,27.5,63,6,2.99,CR,1647612095
gus-khrustalnyy,55.6149968,40.6708665,-0.58,82,100,1.53,RU,1647612096
guozhen,23.81932,120.606518,25.32,64,89,0.51,TW,1647612097
shahpur,22.1936127,77.905087,31.04,15,7,1.74,IN,1647612097
morant bay,17.8820832,-76.4115503,28.15,72,14,6.23,JM,1647612098
puri,19.8076083,85.8252538,28.18,73,22,4.29,IN,1647612099
bitung,1.44344,125.1940836,25.52,82,90,3.26,ID,1647612100
teahupoo,-17.840272,-149.22237039798483,25.01,73,4,4.02,PF,1647612102
pangody,65.856575,74.494797,-4.54,95,100,5.63,RU,1647612103
jalu,29.0331149,21.5482209,23.88,15,5,6.49,LY,1647612103
kyren,51.682404,102.132912,-11.96,90,92,0.91,RU,1647612104
amos,48.5718519,-78.1160856,-2.15,85,74,2.73,CA,1647612105
dolores,38.1392436,-0.769318,17.12,66,92,5.36,ES,1647612106
xining,36.617331,101.7761976,8.73,46,85,3.07,CN,1647612106
decatur,39.8454163,-88.9524151,13.24,86,100,4.87,US,1647612107
khartoum,15.5635972,32.5349123,33.89,12,6,0.89,SD,1647612108
north bend,47.4959464,-121.7851542,7.73,96,100,0.5,US,1647612109
arkadelphia,34.1209292,-93.053784,15.32,85,75,10.29,US,1647612110
morondava,-20.2951102,44.2786121,29.02,75,100,6.63,MG,1647612111
okrika,4.7415886,7.0848772,36.2,38,72,3.89,NG,1647612111
himeji,34.8153529,134.6854793,11.82,85,100,3.13,JP,1647612112
reshetylivka,49.5586111,34.0791667,-1.66,59,100,5.74,UA,1647612113
mercedes,-24.4504957,-54.1647255,26.44,71,66,3.16,BR,1647612114
tarudant,30.470651,-8.877922,25.04,32,1,4.01,MA,1647612115
mokhsogollokh,61.397861,128.947861,-20.91,99,97,0.75,RU,1647612116
hobyo,5.349526,48.526366,27.92,63,6,6.56,SO,1647612116
tete,-16.160511,33.587096,25.99,83,75,4.12,MZ,1647612117
tonj,7.2751765,28.681872,37.36,9,96,2.36,SS,1647612118
lapa,-13.250571,-43.410754,32.66,30,0,3.43,BR,1647612119
oussouye,12.4889623,-16.5432771,35.5,16,0,3.54,SN,1647612120
petropavlovsk-kamchatskiy,53.0199838,158.6471356,-2.66,78,100,9.33,RU,1647612120
kulu,39.0903057,33.0805302,-0.5,34,100,7.63,TR,1647612121
tall kayf,37.0833333,41.0666667,7.22,71,96,1.11,SY,1647612122
kastornoye,51.8292176,38.131399,-6.32,90,44,2.02,RU,1647612123
amazar,53.860237,120.878082,-23.41,97,35,1.63,RU,1647612124
kempele,64.91245,25.5108223,2.01,80,100,3.6,FI,1647612124
babstovo,48.1210685,132.4749276,-16.11,98,53,0.66,RU,1647612125
